id,price
6253,1416.3163947538687
4685,1069.2167612778123
1732,979.144448007577
4743,1285.5849371667593
4522,1095.7281297217125
6341,850.9911280812292
577,926.4870932166726
5203,1227.1158218104015
6364,1066.6899574082338
440,1198.9952802021032
2751,1012.6864761038307
7488,1081.986008893478
5273,930.4147306074592
5654,848.6776086015142
4000,1447.5185514403947
6034,893.0901005265348
583,1195.5361141128926
9931,1016.1288971242617
7052,957.1659954407118
8159,1277.7491588516903
9897,705.7635802824407
2250,763.9039587895668
4641,811.4869087338959
9486,715.2577375895372
4948,1095.049326312078
9921,1096.3399913258565
1964,863.7260742253077
8244,1295.686756585794
6591,878.9318041980757
8848,647.1117482899828
322,956.8318655830101
2679,1123.1287675962515
4626,763.3957350048863
4950,864.8476475501564
8329,1186.5689577579267
3338,943.563122714037
5590,1492.2971169908142
252,850.5135938257534
3974,859.6272149662854
6631,962.5871038198784
5548,1151.8642648755215
36,735.219219894004
8363,1263.2432624105181
1514,1466.5093304936809
9318,977.6514910744273
40,965.4243990055753
4820,1431.524839068491
3466,1189.2753464634393
1761,1400.9923133958696
2305,1292.4481532567986
3724,657.7056259327678
8285,1381.729172255705
4994,1000.2595783741864
8128,1238.7572024357594
3033,1333.0157765781476
7939,1244.6327429229768
3040,1051.7449693085923
9656,947.9520830413855
2546,1001.5900494087466
2593,1204.6856696327486
1189,1276.8320508267368
7967,1263.494078870477
6078,1445.6459888678833
108,983.1607224967798
1316,1141.1975953106369
8188,1040.2548054229371
2754,1077.4241517139017
9754,1051.537002416363
6232,1248.5045200117165
2877,687.7412421645708
5324,906.1598766389488
800,944.5138534326007
3571,767.2796640310621
2895,876.6374299501246
2928,943.3476639922586
8179,942.6764113107484
972,1081.243129272719
6688,1054.5874929283557
8576,1191.0086404476936
2021,925.8318648951458
9055,1162.3542125297663
953,1417.0066839898393
5360,943.9102214870052
3858,1276.1073258022584
5862,1328.2087142707487
3146,899.229058155803
3306,1499.7410001613437
3007,1463.171678338972
9002,958.0960987168658
7771,1169.7285342614784
7439,1168.8523684095446
7943,1449.026425586121
9239,1003.7707439831323
1057,1098.2685095223014
3155,1440.2988458110062
3788,1130.4202439680532
9190,946.4069954952014
7826,1240.1362048352742
7540,1005.8108769725208
7232,1315.251959857467
765,1213.5324722104665
5020,924.749503562447
4904,1301.6620334939967
8094,1116.0507771498283
6844,1280.7905356596166
2166,1255.425072758534
1863,1407.2507329279204
7851,1431.524839068491
9124,1139.8829384245064
2341,1279.115526070267
5528,918.2858579507388
6744,1355.3686073901408
4004,952.0962979163589
1124,1144.9767657660148
8710,1438.083639496168
4050,1435.1178422835842
7641,773.7903303745331
766,925.1305522758686
2345,1023.5487653931134
4072,1105.3237117822514
7217,1253.7675695941966
4217,1303.9046204108558
7953,1070.5596423189486
5971,1071.8407571092296
3351,1015.7280469980897
4696,1028.6223180545783
3400,724.2618311822321
4082,1199.433021149667
9150,1188.054311434481
1225,810.0568094414735
6293,1481.907017961262
3123,1462.7897477013082
511,1177.24179118856
5795,914.8380611338517
8182,705.4141918515278
9418,1310.6238741263926
97,1035.1282988720984
6682,1265.574457788027
1513,983.0828565623357
8792,1400.9923133958696
120,1165.5189007887266
7792,1166.9247765846358
6518,655.9416297450775
34,1129.6412360141353
7888,1360.1020466053994
6831,716.3731316176758
5422,1300.9055670262287
1069,928.8979095101514
1348,1090.7149833995236
4748,745.1029779749589
6006,909.6892989741452
6040,1346.554941174542
3818,899.7659083348133
8447,1186.5689577579267
5270,1321.7261972381457
6898,778.2267799801772
5310,795.9551408357403
32,920.8793589800878
5675,1020.8315499812703
4387,1293.385616602007
30,989.6885961413052
4203,1208.9790832431356
7508,569.3126935757417
736,938.8551772352547
2068,1256.9869117353953
107,958.8037401995446
9645,1333.4390149797935
8895,1231.2439733814876
8021,981.658820546564
2233,1438.146488170911
994,1070.8836999543648
9413,942.0930733231684
7059,1205.6736731471128
6790,1129.3632652820409
361,1309.9742178451609
305,1182.1840453632244
2628,949.8248965882493
8966,892.9516183802453
4514,895.6264348062504
5911,1145.2760658676737
8314,1187.143671466761
3101,1349.3142094939499
5704,1314.017921105637
3899,1066.4873102346799
5441,1501.478321493509
7931,885.2121325768318
622,1134.66403713849
7236,912.2952036415348
2499,830.3590530495756
714,922.7679800520046
8404,882.3390552445496
2856,1095.368230692746
4270,1169.6182968027094
2909,851.253787040532
8081,1389.904148640767
4517,707.9072467762213
1262,1128.483110526907
3161,1444.2072561315101
971,1111.7919241618324
3913,1442.439204595319
5199,836.6595022417101
8847,1229.2641400441419
260,1237.514558079216
3791,855.1345753645886
9203,1250.0732224477667
488,1276.1073258022584
7908,1303.8372725689715
519,1415.7475784610424
8343,1231.124818835579
312,950.8904005179149
3232,969.2166549616308
7933,836.6024551219089
7458,787.9593309081638
9784,780.8892773739099
5184,1149.6691920674425
8077,1059.977828052702
6502,1447.5185514403947
6791,1352.6670387734448
7773,938.2617003647721
2738,1201.7224467203553
7842,1420.267099206957
6262,1340.750501497175
8206,916.1998138430463
1248,1130.5889657045725
9336,1223.459858311582
4195,1069.3529101289314
8001,881.5277757563266
7378,1124.3539428836143
3435,1126.7347377880824
5382,1345.707995988484
959,1422.3215512209356
417,995.1721485548101
5742,1194.9060525042244
6728,1228.8822319187198
4382,784.608248718809
5197,1185.6098858842577
1113,1362.6694653419515
2689,818.1504979651307
6473,784.3076948802043
8820,1152.3756404618607
7808,1343.437000983173
3411,1117.1818995282686
81,1379.3046870906544
4614,686.2050344252774
1374,989.6983431298889
1510,1446.4965655569215
6443,939.3444727753536
3071,875.6587749442458
3016,799.8379126113174
4823,1437.494400950679
7822,1407.641219998012
93,1216.3841078767514
9421,667.3127156534891
6600,1046.3821519567346
4443,1184.591350852886
7602,1448.7207537664929
3835,1289.947079697132
9702,875.0612233579603
4322,947.2247177989098
3394,1273.8205386676568
4752,1078.826429518853
7229,968.5575886337618
9191,944.6114929176836
2361,866.3159150301004
1148,758.0146910277113
5666,1068.3462721414871
8075,1279.8815083097804
4943,923.9693725647043
3663,1171.4311531955993
1563,1176.8305746479014
4113,1061.386739355053
9050,1349.0806832166525
9276,836.9741971281896
8538,1364.9152985161277
795,928.1495504765995
5854,961.3593105854485
7619,835.168374874539
1594,1224.6330087038914
7418,1261.9410696893553
5267,938.0839337283619
7147,1146.203664793953
89,1422.540573946177
8695,711.6062855633962
9732,1048.8540668843773
9446,1106.713557216679
6754,1111.3167142077361
3502,1199.022352487656
2234,851.2841197536861
2803,1276.1073258022584
4424,1359.5985186928629
5663,707.5537931655432
7170,1141.4156030431473
8337,1089.3833467317618
2148,1131.2835799837437
7969,1119.5424260894447
6551,777.4534181178142
7643,938.8306311654485
6164,903.9329443144724
1495,958.1609746042234
7696,1139.8679856695285
7094,1238.260523867654
1409,1092.9594633367335
6691,983.1607224967798
3401,777.2440627369034
109,1329.6683831627433
5636,1237.076987873534
8482,969.6070503653684
6604,909.6775092470349
1091,1189.3671132349211
5560,1185.9117795370748
9412,1258.607115318624
8143,1224.154460196222
8664,1241.255190836434
6596,1052.5086971577414
624,1218.2956647525577
6871,970.7410671820288
4814,953.800941212523
6553,1360.522264236552
7530,1064.3038270883592
5796,1428.2029439520022
7437,774.3480349741632
4218,682.6388669172765
5941,1013.7916920080272
8501,1212.4867581021883
6429,1465.1286904901767
6827,1413.9810115418738
4131,1198.1188991111014
7802,988.2660730689964
7754,1484.0217358912405
4722,1295.3382489378425
1651,967.0151148457245
4141,946.238726066944
1618,1129.9499397648515
2030,1064.5612388093764
8518,905.8548547099739
4576,1348.4002031009077
3993,916.7752906182691
7377,963.4407044129194
6150,1094.0506385861752
4909,954.0427221942924
5027,1417.1169214486083
8261,1120.3745725904532
4732,1018.1449828820812
7549,1189.3099644068086
8135,857.1827182947812
1607,831.0523501905906
4774,944.4022944411214
8110,1216.238009786199
6952,959.888627257797
6005,1113.7579372011564
7729,1111.5174085228464
3542,1065.7554516738196
389,734.689660482932
1795,1176.1475153921135
8732,968.3465147448542
4920,1416.9808195414912
5538,1190.5205681932825
3873,1058.9206408395162
8869,1456.6396289379313
2255,1139.3519659397248
3413,829.8473469754833
5460,1078.1390658493071
4956,934.8698857379545
7397,1325.315860726602
5415,1216.690640731853
7400,1181.4880428057324
7415,1192.0180677851579
9101,1262.7096016364778
4852,979.144448007577
2026,921.194900681771
2616,1164.3588049450577
7389,1141.0792840184647
2927,1414.981705325383
1122,887.9782553182971
2911,1446.4965655569215
8147,1151.504556359498
7384,951.4023519252629
3483,1035.5801102126682
796,890.5210114349888
1576,1186.7183435147772
6177,1271.2366950422752
6267,969.8041161351988
2459,915.3971118007049
3313,680.1228954670831
1254,947.8817388144325
6835,1305.0105604736593
8795,1263.765430465535
3838,989.9300361682448
4399,896.6645625813998
3596,984.9585014895388
6622,788.0040833176668
8383,1384.2829271255557
2125,1189.263453691395
3239,925.8318648951458
5404,1466.1593921311576
5999,1251.3659071455204
5939,806.485649406729
2046,975.6172384072717
1579,1008.4863929262247
15,814.8037121761735
2674,1218.1036793312405
7017,1380.6470103572385
8721,988.5489584674261
8850,778.3563038630662
4813,1336.1000266938065
1085,885.881978956549
4984,911.8477056226694
7156,1119.0215789263348
2885,1345.813191525695
334,907.0786272788755
7205,950.5484033500405
4368,1286.5231655942055
3080,1455.874015586782
7204,1108.7748303283865
9910,1371.6060769064757
8865,932.8585315675681
264,833.5636823496815
4338,1213.8637450503468
8896,957.1659954407118
8448,1204.172130247535
5904,1078.3904043563994
1499,1306.6840734434916
4191,1446.4965655569215
7486,1201.9653868170535
9644,969.2166549616308
8311,1332.7526332784023
7591,1177.9346796971877
501,730.3964406337161
9156,1054.269230621605
9415,1077.5462656184875
3096,966.1224142671999
4632,996.6862344454715
368,999.3379181565482
4059,1273.400836381868
8175,1007.5508910276711
4631,1231.0129389671772
6071,1051.0966538012365
2665,959.932482429468
1027,1311.4063661554733
5909,1248.9568948875096
5051,1248.2132749766608
6329,1090.2415800060749
9734,923.5972002831963
1692,1278.1285013343706
674,1403.092495262269
5573,1154.8021919257071
5767,1085.9415742788872
5157,827.1624250195329
734,1225.5457869150955
3527,1323.3496862758302
569,1129.8851328648104
9188,1421.9319905499053
2923,1030.463620800906
7912,1164.0198523635188
1559,919.2777641181689
102,925.8318648951458
3008,1363.399370208679
7202,1500.5403486001621
304,1228.6885458894158
77,793.8129589012611
6755,1309.0953980512127
8630,1000.4700453377437
1209,747.7428560213173
7743,806.936220302762
8215,724.6552275461003
8945,869.2061318395345
8414,854.4635997796338
1776,989.5736852103347
3474,925.7223553989734
484,1243.3875402945241
2190,1313.9096461423876
347,932.9736129430172
5482,934.7800972630369
8362,849.8365411104576
1473,859.0666286910243
5101,1226.2634120631387
6766,1233.5073490970262
8707,1141.884945237764
4930,1376.509972507251
6330,1233.3234633920488
2610,1440.862571053597
4,803.357122648863
2214,1016.0737707142758
4828,1204.7177906605093
857,903.1122765127554
6978,1069.4486718488592
5886,1102.5844989723655
625,1090.9830205445442
291,1277.7491588516903
2019,1332.536055988387
669,1186.5689577579267
8922,1173.5904421725088
8265,1007.369275783066
9697,1424.2988818790798
1632,945.9265422386615
5171,844.4583480513763
7206,1420.3556837360834
2523,810.266124586799
2216,1171.6636895553163
6969,1424.267551432005
6497,1143.1928380190618
6214,1250.0618421083573
7033,990.8581572686852
7421,1116.8585671227302
1108,1186.7237003109763
451,1094.0506385861752
6290,1051.8815553818745
9967,1316.8155224564252
136,1111.6856677343808
1786,1171.324713246782
3405,638.6828982982469
2907,1452.5151366748619
8305,1233.8336467724944
7493,1204.6838083345347
6101,848.3026359182793
4505,1301.7574468751304
5054,1114.0345110786916
5206,904.1668824048596
4081,940.6962415296167
6919,961.032982643049
6803,1118.7121034503289
5207,1272.5962214090723
533,1016.5010461046602
4831,1203.4420181748444
4039,1456.2294242972243
4085,936.3780597389608
3205,964.1137183300573
7111,652.1510899383272
331,1454.722106353356
4958,912.4321233407977
3034,1236.171367591981
7685,956.1948983199285
1598,1029.6975925264992
9920,1351.5712055568488
3598,1349.0806832166525
9039,1059.4512229097018
8002,834.9397095090841
591,1248.5297552454558
648,1442.4827098637338
9103,876.6211430589022
8016,976.620413306257
3772,1030.970344032559
9040,1139.8679856695285
5083,1079.3051830754916
7883,1336.5994866372541
9363,946.6884302345268
4211,1255.3845924977818
8835,1013.6608126443301
8700,930.5210899299261
1796,1440.3155093411565
2587,762.4166785260162
8356,899.4683998117099
2317,1197.6094399538017
4186,1410.8663354397772
8828,925.7223553989734
7073,1135.412898267422
5235,1105.7328323653678
8744,1458.5135001493245
8671,1424.5641381377948
4769,1028.6208426994278
9973,1280.808794105318
7145,1096.5142105257403
2914,995.6140316457281
9872,1442.9752622349158
9894,964.5992379773227
2076,1228.1166185675704
4303,709.2799563305492
5823,1274.4047211897137
2150,1262.7591176767808
145,1199.0611952017875
4964,1293.8483547355686
8160,1158.081836004162
9031,1275.5706682837385
4776,1324.944245432989
8934,1065.3528520487175
7750,994.7800547812894
9829,823.5712217587404
9215,1164.6775282185633
6061,1154.6829797347857
9476,1103.9551888404822
6410,1435.4534267030874
3318,1224.9200735473714
7465,907.3511338157517
3062,1011.3588311537283
1356,1494.5266149392214
4515,687.757276689734
5506,907.1703026667805
5251,1147.4254215585518
4512,868.9348606284068
1731,1012.1840188324225
1759,1134.5319099745934
6651,1307.1150325607734
6647,690.243253446782
9861,925.8885474828891
4140,1368.229521627362
9394,1133.517078337835
5124,1016.6935150161369
1,1103.113490447542
1865,976.7568969303292
544,798.0571286062674
350,1076.5968178346116
6907,1299.9714325737434
9766,797.9378700756554
2524,1002.5806626424054
3465,1032.9509903084345
458,1045.3889045750252
3024,742.5300100860601
7262,1354.4533210992008
9516,889.4116764221352
7873,980.4514726868349
6626,1274.8325312864927
2535,1207.806022605203
132,1020.6713909066384
3705,1317.0046167782173
1373,1024.7200608366202
6201,1039.8040083961423
4857,1261.2386884794596
4713,1406.4398886776733
5545,976.9736683917016
1414,977.0384567365975
4114,1212.2713027691248
656,799.8272780716354
8138,1237.5261579881815
4099,857.6375219401041
593,1183.3175617216368
8709,1082.9631806271302
3124,910.1366881246477
3048,911.8477056226694
3888,926.5428197748193
5736,1367.6193295304026
2185,1231.5279386659906
2146,705.7635802824407
7048,978.9344942033789
3106,1469.410114284311
9234,1459.408608405372
9097,1022.7755718540199
2770,1233.5073490970262
5222,1270.9723002211354
5834,1084.3877177503764
1733,1338.8420735541133
266,1176.3033337922602
5145,895.8771605830638
8268,1451.0417709980422
3938,1283.6848335839054
762,931.2895222293665
7221,1233.4159315112213
8440,870.8071276803738
3258,1178.030937709827
4339,767.5845485131715
4363,822.6931245974899
317,1181.2911056936566
8070,958.324529005115
1852,1186.5689577579267
2485,809.5689233804887
9874,945.7920998890681
9575,1443.610625413065
1079,1076.2763962463705
8359,1433.3267977755852
7334,1370.9731422776638
1072,1264.782482722476
104,1211.6294829377675
5749,1035.8848083865971
1419,1060.789953705874
1659,1444.4403515903232
5285,1102.3966577404722
1150,765.8791103305836
7151,927.9017974351656
1569,925.8282060184065
1088,974.6268871870341
6086,850.4995214113815
8675,968.3532724302559
8342,973.9971519251777
7812,1363.4301029099213
6085,897.5866723334525
8774,1202.298968820717
8758,1379.2520193675578
1693,975.4010090176725
4735,1175.8023302390975
3388,1169.7012463714996
3647,915.6635195271064
1684,952.8103643746773
9,1430.7290931959767
6063,1100.392785947281
6517,1371.324272902002
4124,1056.759970946329
8730,1327.157606845877
6046,1367.965729944095
568,1019.8790925272502
9162,1007.6611284864402
1804,997.6256848454731
8502,1201.6756080665261
4901,1270.148056582613
1600,1293.1625939292953
7932,1416.3163947538687
9548,831.5021098331872
2824,1419.8403668527226
5468,926.4870932166726
3530,557.3099772692375
8684,748.1261608819772
1156,705.0106711694116
6548,1113.803168167929
9089,778.0858706296324
7621,969.1991902413922
8297,837.6509536649188
4541,1368.944925956447
9135,1194.8694675919387
6483,1121.2763935757641
5827,1230.9836093843433
1191,1281.3128537566354
7445,1281.406225708614
8521,1158.0934788666405
961,1197.9728059138774
7455,886.3721135345526
37,1143.6581899600064
7517,931.5155872246487
7645,977.5232442407007
4439,619.4222032859047
6162,958.5949197069141
7745,1441.925386559926
9588,1000.4700453377437
8120,1039.951680414804
6968,1293.2257317562123
5719,1333.9676772357163
578,878.3252426923663
9834,1129.5330437829086
4103,764.3774655692316
7647,984.2413901267389
4152,1183.3688900997904
3131,1218.1085090843055
4891,1286.6809456098758
9976,908.7048635209388
7472,1272.749483239458
1834,1360.2302950168878
9149,1395.3424378068921
4892,1399.9084688520172
2288,1302.4822119036428
1331,1171.8608837195686
2772,1198.1564617975394
3687,1046.2492937213794
8284,848.3703431222461
5929,775.9644769776432
638,1204.6856696327486
48,974.3679737866872
2603,1279.7229711669088
1966,1036.5380903982668
2169,1342.199688679157
5050,1067.3845033255043
3335,1223.9970429565053
3020,1146.5053642033672
8765,1224.629475025959
9177,1336.0041139997604
1361,984.5887050055255
5799,1161.8686561013642
9401,1196.196290964899
3252,1347.8952912968261
6301,1334.8834270149248
2252,1367.961622093318
6028,1316.5031523794328
1176,1322.2382407426521
8800,904.4288845762286
3280,1089.4475703346982
2974,1250.91608956128
3397,988.3928672321059
6940,902.1394330800384
966,1126.9310385397182
8575,1158.0934788666405
743,1000.4700453377437
7515,1066.4873102346799
3315,1196.35085939714
4899,1239.1569490781505
9341,1173.153232570124
4673,834.4823369519829
8619,1330.7731896612884
1218,1309.1325723679163
4398,1098.7113668838715
6081,940.402991786741
2615,801.0010379340413
2621,1108.7237124040294
8715,1069.929827236956
7283,1074.2853399550688
3380,766.7068415043965
7302,1044.4390019495447
9858,1095.2302115149719
5606,1263.2432624105181
9814,1270.15313447711
5787,1338.8420735541133
8519,1060.898223688658
6851,1194.9060525042244
1517,818.7574064896277
5099,1233.4822382567936
7637,1208.9790832431356
9086,950.0463872199183
8024,1456.2709132324653
2393,998.0028695160274
587,1184.1680130104894
3520,1017.8494808588167
7654,1446.8778783046514
8947,1259.3705054154077
851,1065.7150030169305
336,1237.051456749749
6635,1297.347761238652
8973,809.1999420374491
7494,1250.6290270946747
2869,797.886957873816
4873,782.3594149678669
3551,1001.1888200350642
3843,996.6829330219498
7263,1148.1694293029598
5825,1151.9695013809328
24,1349.3142094939499
1454,1374.2673855903918
1685,1024.8595988478226
2311,1158.2395870875234
9064,1162.7834871892799
9407,1097.0407083918897
382,751.7839281086477
5815,1456.0076129926401
5551,1238.20275607063
9309,1295.8119944984558
1619,1124.631160774866
790,894.2347196609039
5984,1195.0585105465848
8673,1042.4918687859192
4476,1178.3496290159053
5607,1251.3846769550248
9313,1261.006469020711
5649,1058.1472338845915
6217,1359.6143644216643
2287,1317.1438447997768
9994,1256.0383556607953
7579,1080.987299691625
1184,1262.9978968348023
6002,1372.6809996281725
5091,1444.5232472671348
2517,1114.3097635758484
4123,1055.8028432945341
5522,893.6899059970191
5628,1396.8180952086072
8361,1073.0566204724043
5873,1137.3481800848485
8613,752.7994360179878
7728,918.6528146135804
5969,687.2029778482053
1181,1126.8936848190192
8763,1253.0754997980628
8236,1161.283486567101
2819,952.5113184261377
9965,1247.885999384095
8704,1214.0884477949348
6609,1105.3988090976177
2821,1102.5796463262
7536,888.8136051601584
2261,717.9359533997591
2240,1029.1284651759609
6022,1114.9829443307626
783,1160.0345775411663
933,1087.1899574245165
6203,1444.6793338050904
2413,1007.265998890856
6998,1104.5303302463653
9116,909.0313564787407
1157,1446.7837692861974
8108,795.7648588052775
5806,1283.9736713787925
4880,977.0410272585652
3310,1080.8345295657332
8962,1002.8910625159068
1703,1135.412898267422
2493,1227.4383683005397
3707,973.0318937033595
8277,898.5198606892467
287,876.0370889427315
1609,773.7108119073424
6632,1009.90831148594
8279,778.0989028626259
7316,911.3651308938416
2253,849.6304501195073
7416,657.5990277543702
8366,933.551023693717
1892,963.4407044129194
5063,924.6397288245754
6121,1174.8326815691776
564,1286.7157182390993
292,1102.9872395480543
4717,1003.1594213637135
7709,974.6247610804924
6350,1071.0213415024407
170,665.4021725799084
268,1445.2372063772514
4639,963.9395137280334
7078,1011.4690686124974
3356,940.443464759002
8280,1363.2175585376124
316,754.0081884899671
6729,1145.1612290349512
9496,937.1819451931628
4068,804.6681637278383
246,851.4938142762245
253,1244.9119840878425
1112,868.1994163619418
4802,1186.6794155260004
1714,906.0783862345451
51,940.6962415296167
1836,1330.007576310139
7897,832.9707543478613
3384,717.9494296295212
6411,943.9193678348496
4314,973.8590888434057
873,1137.3908767154805
1255,1319.7768840706046
8882,1276.8320508267368
5852,1203.4420181748444
5703,1181.6167275635094
8104,1183.8773944185168
2099,1457.0372453303423
5129,998.7744864123392
249,1178.7426274682352
6562,1425.6193976450195
1340,1044.7431488713437
7018,1263.685482787293
2111,1073.6376820643006
1570,1031.7536983113123
1727,1424.9512557829291
8385,803.956658930011
6941,1074.7097322429418
4396,1316.5072495317459
2421,1202.4412214176755
3046,909.570539740478
5504,914.828594586323
3704,1322.2372239906683
8192,1046.2492937213794
5332,876.9302910610038
9809,977.8851055911441
448,1083.2126682250735
7895,981.5748080724487
8729,1182.8503629034424
7829,1140.3226092995922
1769,1287.5493901853197
6809,897.2983829527415
4705,814.044862668412
3870,975.8688618931565
1656,965.333920875754
3188,1104.5661224558305
684,1261.7858466300713
4171,847.266338668959
4478,794.8027014277326
462,1142.3916237858439
5765,1032.7438332481865
7523,1384.3505553318237
4503,763.9710838805217
9710,1095.5548359039276
319,1036.7840109038038
1146,853.238645851371
5095,1438.619984136738
1394,1419.7579346068958
6624,1077.5462656184875
1502,1245.0247806562859
6409,1328.9731423232117
377,1216.6189903032537
411,998.4629282454969
1661,945.4639303420932
3152,1304.4872087101805
1624,1454.620845217651
5610,1193.8882799730154
8533,1450.8314722523019
5803,1436.7756262533587
5307,995.9821910631161
7087,931.346047595803
8898,1366.1588220057708
7489,1002.6659433333978
9616,1256.9622456044035
9218,1073.0956760392392
1673,878.2087417858161
2359,1245.9994750114433
8468,939.2824036214747
275,930.3422951107706
2474,969.3617779930568
5490,1211.2216701599948
4772,971.3224393065308
2108,1350.2980473620341
7501,1036.0311080538813
4415,1078.2473480818862
8139,908.7559841669603
8661,885.2972291120499
8240,880.9236736441809
2418,1065.3825037361348
8772,1246.1664279296058
2237,976.9434437727904
3768,948.6663630238461
9792,1008.8109113433319
9990,1414.0788472278628
9966,928.6920084848789
7324,1227.8814351615508
1384,1444.1089843619309
3102,1167.4859473446193
3922,923.8338246642861
6686,1199.479859803496
3195,899.1034934307603
1942,1382.9740038438854
7714,967.6552599059222
4897,704.5698912612922
4783,957.5840944090141
1497,963.6107533985205
1958,861.0014452723844
9172,921.624769934164
9746,1028.6670725454992
7333,1313.8073221884167
7950,1107.6034396158698
3018,1039.7372546921563
6747,760.2511340470509
514,1203.486128272062
3935,931.396631653482
3026,1131.3012760409881
1200,1298.0859188746033
5029,885.5276338596387
9785,1208.5158457925497
922,849.989053709583
4650,1267.2284586509415
5333,1424.9348787642466
1077,1304.855769174018
6769,1027.4104980007219
9411,864.7707616365824
1672,1156.7232059336516
475,916.7761875651267
9187,1201.7224467203553
8840,1194.0418453838306
5759,893.3654728383152
6298,751.4434138898973
2479,1312.5010418527177
5494,786.5783632370315
3915,1182.973214171023
2139,1388.4661666160257
5455,820.1949417063458
5380,1024.9503908543552
8986,1056.0765185833059
4024,964.6009320651235
3486,1170.7589093965382
2456,839.6392149286602
2465,1288.713629515119
8697,1114.4303113245367
1370,1214.1415209598922
6689,1384.3907366461513
7457,722.3865882809147
9975,850.8847149281877
1902,1236.171367591981
4872,969.8389195973035
4711,1413.2977451097734
7887,1114.9142487004256
1794,1345.9496442389213
2875,1131.0959330716614
6218,1397.5895541582738
5214,1339.1296584208822
2246,1452.9300651039016
1742,1236.0437197536453
1021,1420.9314780834122
706,818.2588636797567
4295,699.1587961020813
5577,969.7310095733123
7167,1231.0808764751896
8178,822.371697460268
909,984.5473724161155
5194,1428.7612412112724
3078,1328.3178178724054
9367,1422.4317886797046
595,955.507037781651
5305,1022.1990198872534
441,923.1962842157263
7607,974.0840977640088
4093,985.403309413639
6135,1351.4582830655822
11,1453.6314286699228
3777,1246.8440495466514
9000,1143.6581899600064
3709,1222.0392201371915
3781,949.1517284954215
94,1200.6176402218102
9240,1031.632720935615
3950,1261.0437760012499
5786,860.0871956006174
4871,941.2331762180738
4803,1283.3747739965515
4868,753.6698485959431
293,1316.7013359607117
7889,1033.0945357110154
7406,995.730024125922
5596,1333.8574397769473
2887,1211.6519618507332
6455,824.1718607781926
2543,1308.992651209555
1766,1423.5381038154953
6801,894.2202089793249
1878,1327.2673840997104
1982,1349.3142094939499
9730,1285.6819432998755
9609,1457.1915108127967
2686,1010.95768517488
8931,1004.4935555962945
3459,909.8899056107991
4542,1110.1744431977363
2179,911.2821374231784
4451,1206.0346706074781
3860,1260.0202908407734
7624,876.4316672315331
7655,1016.6550381564329
4520,890.5702099865384
2518,707.6271037330131
4837,988.2046988257341
2886,1050.3175556183382
7282,778.3582141232339
6256,1284.1548557241672
4540,1115.9297970954312
5640,971.0130491480944
9460,1011.4147345184526
3482,1303.8325761680271
1278,1240.5986159497647
3147,1334.7248675227283
8263,898.6462372783385
3206,1042.9019003059752
9893,1287.8490543808311
2743,1220.3462662480997
6077,697.8069144210281
4048,1136.1353657967063
5732,1175.8023302390975
2946,950.8756902803188
5791,1141.9481769018644
6795,1030.5246529113786
6544,1136.9489798902782
701,1322.7016585161298
3575,969.7310095733123
7700,1406.7949200363648
2516,912.2377872716964
3001,1112.6617939130606
5821,1053.561200908015
8582,914.9460051751553
3685,1318.745739296292
2996,1227.8814351615508
4253,1002.9746600930285
3412,1003.0998924588718
7963,1028.8907504112517
6310,921.8220201996055
8612,1028.8061358009156
5013,986.6816306856047
7751,776.5006466178435
5980,1276.318765140487
4049,1010.8997457003046
4900,1435.476045957535
1319,1300.3044486789627
9773,965.4375904404889
9138,873.4774258910717
7143,823.0702613066726
1898,1098.631907573164
7466,1027.4455598890695
604,1196.1741948419208
2847,1387.8502030659643
8208,1069.4159939777653
394,1360.7790602329817
4437,1051.7449693085923
9448,820.3323560853776
7235,1155.8508919497813
5399,1096.3454556488575
96,1028.4357289449665
1663,1147.598289555297
8971,1137.6554851842811
5131,707.087252445494
1489,1278.028226362089
8317,892.6392753983209
2708,789.4326853063175
1596,1059.977828052702
9278,1181.2911056936566
2378,1129.3958887381111
5141,976.9736683917016
6148,931.3574690744488
8242,1250.2475039841802
3949,1053.9663379538704
3934,1126.0801636133704
4798,947.8817388144325
4373,1138.373411283669
9863,1177.3225975008309
8243,1327.7649893932798
3449,1022.2949398232215
2944,1199.022352487656
2466,971.1041257374262
8583,1442.439331517218
5507,1263.2432624105181
2699,1386.835805559415
2448,798.3433603806765
20,948.3823156127098
2749,1427.9088232157078
5400,1140.1333192759434
8079,788.1314411085034
6872,957.9108792242349
4709,1271.8673028996943
9477,1245.5720360620955
810,1085.6879881046416
7478,999.9061026150179
2274,1146.15215642984
1924,1203.3491998201462
1471,833.5334336038586
7935,1145.2084685173006
7408,1220.6942223059377
2407,1148.5739012387608
1143,1043.735410050414
1748,678.7435049211597
5710,1065.4117797948554
4976,1386.2235796991665
7301,974.6268871870341
8149,1463.2221535072333
2834,1327.0377903057893
3132,1414.0738078370096
1311,1013.7916920080272
8651,1278.8389717497216
6775,1395.5335324770679
6757,1383.2481682539694
621,863.4358351863007
2702,993.3580597402724
2200,866.4849110176667
6197,1418.8790670304968
8825,1151.9082341538017
1047,1342.499282795546
5769,1253.5730506525329
9948,945.1308383567833
9020,967.3813672425337
744,838.0995298917155
223,1020.8759824796094
3150,1036.3689368695732
626,1141.7911240825088
9335,1008.8109113433319
7567,1464.3630771390274
4583,1051.7769254860111
5712,1044.9173271140446
3285,1478.9359886858279
7586,764.26087644501
9647,1114.6331724589186
1531,1196.4716595354876
9686,1192.9261610884946
354,1070.1990952178232
2475,1261.8482703406496
8014,1258.84695795945
6476,1290.744244497519
6450,1353.1260204732816
240,1461.8911993996928
2626,1116.5835905641436
9787,1032.0236621688753
7199,1339.4484351176748
7693,914.3001163229678
2998,1346.7247706172052
6441,1224.154460196222
4563,1037.750264615408
8615,1441.4932037546585
1480,1335.600964135675
1019,1257.3248614366785
3095,1357.9696971473093
6183,1147.5186527845328
4961,965.892762743006
8493,1273.185144223488
1104,1204.6838083345347
6082,871.6335699880995
9526,935.3238310167693
5191,1106.753416143897
4182,1058.4475434292592
4468,1399.2257536893057
1627,721.0587728450408
6718,1333.0364036159108
3799,847.1802235113527
3054,1330.007576310139
2868,1399.9084688520172
1433,1014.8188255619208
7984,676.6432675933626
9347,969.7310095733123
9420,1361.9256697634517
4077,967.902965769281
218,889.7429945468238
3556,1097.6706963773045
7937,1197.8406934060472
8422,1067.6872403200969
1035,822.3319630767053
3774,1448.4364925391408
4133,1280.8262974984245
2336,930.582295186955
6493,1023.9523239222528
1483,766.6588784021891
907,1171.8608837195686
6089,837.9496206914893
6467,716.07481457665
5677,893.3654728383152
2771,1323.114586368501
1806,1029.9999140708226
7375,919.0844943975974
2115,1174.1475673813936
4535,1090.4110382111423
2532,1096.0527915518028
8526,818.1444414814514
3471,967.8793742650502
1403,994.4574069981171
853,1036.9609693869386
3083,1471.0491886713824
8025,1265.850728349458
7566,840.2563594201588
5530,1444.025820776335
7855,1327.716332983065
4933,1431.6517400574103
5160,1150.1532739028785
9716,1021.8940025354096
3847,1287.109095857722
6484,944.7880766422999
748,940.6107061751924
3035,1256.75677587592
348,1196.8492994391274
3352,965.2891862586049
2865,1444.615059321824
2168,1401.201409420763
6955,1433.0644764079716
6210,1062.7170521067872
2778,1293.2141968892997
1442,1303.7943829520868
5658,1376.509972507251
9658,1395.5335324770679
3028,930.6506863505928
6118,1144.164851127233
2484,1215.5041263663402
2883,942.4882029187526
5562,1142.0062737221522
764,886.7988284569965
6482,913.742348943001
1617,1149.463494443281
1223,939.2824036214747
8665,776.8853695148817
6222,1204.6838083345347
1577,1231.6914316820128
9392,962.7540183571447
6351,957.8253791543584
3783,915.8783234988707
4375,1079.4988367567041
709,1180.2023036352675
510,977.2880442372615
2955,909.6762526870574
7538,927.3965616935236
6339,1169.5032168620621
8923,1146.4417359783213
7064,969.7806850295669
7163,1263.5954175113952
7372,925.5163231934627
6829,977.5232442407007
3616,896.1398493883382
4657,892.6392753983209
6976,873.486992123718
4351,1144.6103767479863
712,1083.0500194648366
6479,846.187013897716
9130,1345.294337339231
8205,830.0229309603499
9204,937.0888155281821
713,563.4392248529971
9113,1278.1285013343706
1246,1189.1994618990434
9786,823.8666061251823
6849,1179.2454558888733
5134,1249.9233980306742
716,1083.1260123430304
3464,1253.22858757583
4395,1140.3226092995922
4569,1349.4585740497967
8804,930.0130189286
8490,1454.620845217651
7702,1103.0811248653922
213,825.2807269890615
9768,1098.631907573164
6839,969.4471335506339
1011,923.7379210993341
324,917.1803406244142
5397,1032.5982459377406
5991,712.2621576862202
3173,829.4213520539456
335,1441.3571559590864
8306,1319.0211081590103
2211,1182.051814202883
4272,990.1661827416914
6741,1365.0738441066494
234,1224.9089846995275
5951,1228.7697279905124
5738,1177.6422641997578
7922,786.7199550188449
2349,984.551785446634
2037,860.6505242559524
7485,1099.024451266929
6007,1270.0763147690084
4554,1331.0373812266362
8073,1110.828226722392
1459,1397.665881935158
3289,1056.759970946329
3065,1208.9790832431356
9437,925.823876859073
775,1333.2494999059975
6833,1080.8536139103892
872,1484.3416757602768
8750,1325.5407202725664
1264,1137.6554851842811
4834,995.198500732816
3895,921.5404705858662
6324,1275.4966919328328
9213,1075.5602707736664
7020,986.1921682221972
1221,1125.0727175809345
1447,1517.9719377698589
3185,1291.8272146331697
409,1094.1309716159456
4345,892.8580210561255
3022,902.198143648176
2304,1357.9696971473093
6272,1212.0743837003931
8281,781.687715311076
6642,1332.4571122112025
6956,1179.8154228526685
2110,1242.2075778532553
5352,1435.3070633248308
9684,1228.1166185675704
8344,1363.4267061296207
4550,1118.4693028432268
1881,899.9782850526676
5946,1333.1139553722276
1738,1135.412898267422
7794,922.681049166965
5213,1120.6858785531008
3209,1234.0307140904615
7083,1139.8543284549387
2056,951.0671886554051
1689,720.4103504827549
4780,1271.2867876483242
7476,1091.183180321228
7877,1142.8140031565918
6750,1143.2931378293101
8556,949.1496685438943
8123,1042.4973923397963
6991,1366.8877614644057
8267,1036.9538711110124
8540,1341.6170808156776
3393,1081.7578629162151
6326,1136.906624055349
3529,1184.5474382352984
4605,1023.11719580739
7024,1229.9701842502384
6322,1111.681301277899
746,1248.78561761236
711,1080.7905714827111
380,1201.9432135997708
8783,1241.5964200710637
3012,1308.0381337068302
8859,1078.547984565852
7153,1435.3070633248308
8567,1389.1532092512023
3498,908.3125846664552
3890,1450.9065575952886
4485,1435.3070633248308
4012,1348.8849509436382
2620,1025.2029729722103
6671,979.4782831469864
6513,1197.6094399538017
3468,1304.6480999853347
1314,1422.4317886797046
8606,1272.9480315692686
2070,883.4698238634812
2983,1169.7285342614784
5915,1022.5870742216453
9171,857.1111055194796
1286,1155.9970001706643
8991,1445.1621210342646
8430,1433.9780453443118
1350,837.2757365874301
2612,1294.739966211523
9495,1219.9446816528405
3669,856.9277178374562
2222,1205.6736731471128
428,909.6567672763555
654,1263.2432624105181
9914,918.9338151745341
3536,1314.5373081391228
7737,921.194900681771
3246,1182.8503629034424
4741,964.3206721996281
9069,940.9254163689633
4100,1088.740433627685
4101,1163.52607348396
6960,928.3887404718361
612,920.7844249079726
4289,1330.0746115761265
8571,1173.5253027457209
9713,816.5995124569017
1544,723.0388585942537
9536,835.3150001429368
3854,927.1321965020833
555,748.9593572871205
6366,924.7141620789359
512,1434.5330393364995
3207,793.2628005839774
8085,934.7800972630369
968,1063.826159284651
6044,978.411732416153
6880,1190.943894132876
6776,1080.1246012672843
3296,1398.8075511482934
8702,1167.4557689824023
3430,1249.6920123911368
8871,1251.1030279322438
6963,1301.6620334939967
2089,1047.163536405295
8500,1305.5168566895654
6163,1024.8056470224533
3211,853.4276752613214
9201,1063.0329746978232
6606,768.5670194815386
1110,1031.3826475400597
5729,1248.5045200117165
7830,1163.7262464847415
1039,1106.3753408949517
1195,1296.0817624315027
4475,1155.94105719028
9875,1263.2432624105181
2123,801.0428809261745
4983,1259.8094408621005
8974,974.3679737866872
5701,1457.9240416140483
935,1254.3452063263567
6102,1153.2058202082255
4690,1060.4146012196932
395,868.9190885356497
4686,1239.3500337134749
8777,1428.0532028924658
9166,1228.2335889678943
5981,865.2423312682955
9943,1255.8123294205834
2192,994.9880007134237
1298,1386.8332771013831
5045,992.172623085104
1163,1058.2053740756112
4255,758.3247683286785
6373,1289.0667440880134
1528,920.4212585463682
4343,1322.2202360870663
2031,1408.255575823412
3061,919.8990319502076
59,1460.2628558582946
2406,857.7424224418711
5007,1201.6756080665261
6158,1081.0215639341955
7376,1077.681087479693
4507,1278.0083145386816
5215,1346.554941174542
6030,1087.7816148146303
1781,849.8365411104576
5448,865.6652296901773
4607,828.9906504935299
6915,1063.0329746978232
677,793.3230126025886
3583,1330.105755104219
3654,1348.82990635505
7921,1081.0803187669833
9500,662.5496884583426
2733,959.002546779568
4788,935.4241148856215
2755,1197.404180465009
2338,934.2331951630541
3644,940.5125307419383
7738,907.3511338157517
5517,807.1041203313687
5247,978.1408784946242
867,852.2033686570144
4448,941.2153145341686
5072,1227.1158218104015
4882,729.732034533061
9511,1195.3642850173385
3003,1045.1182203365665
2226,1192.9261610884946
9057,965.5346364643444
4827,992.5799717614628
7622,1061.9639194773677
9690,934.6574267330277
5501,1183.5038415844385
9701,731.3566762628693
8479,1241.5124730816976
5503,750.6085466769931
1211,1357.3727334836883
9084,1457.6195213125554
2289,995.7497626677695
2184,819.6960941073611
2863,901.5817376231864
6862,984.4277257436947
2363,1326.2854770097808
8464,1016.502985154781
6333,1044.9089618893597
4065,1165.6994443505312
9547,874.3340648611302
618,1368.4228638500585
3282,1417.8893783092967
5227,1029.1140444570112
3398,1440.5094447282265
3066,1484.0462182505173
767,1217.6660674189325
7079,1090.6000966828199
5280,1170.716279611549
4150,936.0218851158289
1145,1118.4547821599188
4249,974.7070067939813
4111,888.3146541668705
463,935.2577720405228
2933,805.8112135789053
4624,1100.744652631195
3814,1280.3401181281115
6309,988.2660730689964
4342,1224.6330087038914
5301,1378.2024925761434
6805,866.6791046814907
3283,1145.2760658676737
2575,1233.9287806751217
7962,1069.929827236956
7880,961.8251055113607
829,1148.712305407684
6487,1252.5443233777166
7600,925.1611888161098
2541,1167.5305078810393
5747,1116.1012684608895
8527,968.211622187848
9567,995.2331652438274
3743,1297.0885543353115
7499,953.4935772664626
3525,1336.213071167948
21,1329.6683831627433
1916,1172.8486290696392
6572,1066.2288097889943
9019,974.9017445699805
2013,1240.915640744738
5406,1167.1903849664193
1296,1253.743614309863
3746,1445.1831682283998
592,1528.5116109367582
1407,924.1631804771887
222,1053.473760237543
5618,1294.4747716196737
6249,960.5938721554102
4419,813.6361224801311
859,861.3985241261919
1784,792.5717381849453
7260,1145.7835092189177
6857,1301.7665592994615
1955,1305.4675381925765
1747,930.1954972410783
3133,825.1489625387106
8037,984.4641605026148
8851,995.7429446554602
995,1128.598436256523
6109,790.581346779718
731,788.797979219058
6975,1045.1444872228344
6274,1077.1284658042132
6752,1383.3236103574
3510,1409.5040369166502
3534,1210.8052457289066
2514,941.5870283769771
5437,1079.5392711348813
3626,938.5104091970509
466,726.8035951863875
6756,1113.4772253103336
6760,1100.7532176449522
7992,1036.851836448286
158,1364.4641467044328
3961,1126.9716631200895
8833,881.641200996749
5471,1395.5335324770679
186,953.8966637328908
1003,1061.9515386643445
9509,1225.8740316507112
5624,1186.3750729170017
401,1103.3755931796334
6241,1029.6975925264992
8941,1117.603077181429
9933,1140.2530458518177
7343,1104.676628648857
9833,1385.564472361089
8467,1385.5006708974277
8757,1230.2079754936121
7959,1137.4071769910913
1251,1258.7636771359241
3144,1067.206084932
7431,800.4532080056606
60,1146.6038948338592
7856,885.3519093647885
1114,846.4850138004301
3058,1291.0256785891606
9570,714.8279413079991
1329,1256.9519419729504
4996,807.4678866967769
6683,1414.8743345317491
2073,1120.4779255512221
4794,1079.7888525353467
6830,1175.0912159864984
9630,1444.0466810786197
8219,1482.415081437846
7568,695.8755303450037
5923,864.3538130142339
1551,1374.083576638612
1010,1469.771910152032
3756,1014.9020161111243
8682,1469.744739962803
9343,963.2920495474852
8010,786.4596251150165
3861,1233.9841511185257
3149,944.4609509864482
2520,765.1224228736456
3128,1054.2415091065336
9085,1249.3513183538894
5317,1040.3691837196466
1196,850.7493418123037
9051,1241.4626724307816
880,1011.2092694481469
6990,1013.7916920080272
2488,888.3146541668705
2841,831.3514872234299
4330,767.8653750687997
2931,1140.9215880433096
6425,767.5878865565776
2486,1490.491486699344
5748,1195.011444299698
884,1183.8773944185168
4915,1219.8780175035456
6211,1214.7786657258537
9579,1425.1618872669824
212,1304.7127616842874
2276,868.9841383020205
2329,1458.5135001493245
4951,1240.5829725319597
3320,1247.5130345050238
9835,1326.9216738702557
4608,1193.9537040480398
1439,924.4763948453774
468,973.4057935079827
5467,1460.3981618449166
3330,1005.3577539680003
5829,1039.9195474498808
8608,1040.3682124963943
697,1202.6529844014701
7268,1115.2210147493302
9145,1028.1882212433
8181,961.3322775407614
9939,1413.4547481832847
1315,922.0281589719543
2302,1212.009171501802
2040,729.8832727110621
7109,1089.3282576868403
3667,1003.0998924588718
915,1122.7468531292086
13,1196.1519052041092
8584,715.6556941846135
6428,1311.790306549981
1537,1204.6838083345347
737,1254.2141658107755
8202,1190.943894132876
8653,855.1296273489006
454,1335.9840687044496
4346,984.2667190231523
928,1270.5720974241115
6292,807.7413487483896
8282,935.9554821136092
8723,998.4629282454969
6474,1184.3038553332
38,996.0951089627945
5771,1322.3076604585935
2555,1394.0772758891012
7633,1441.2116394341579
9999,872.8558423673942
6621,1111.6082400043667
941,705.7533671544228
7399,1305.4392422116632
6129,948.3129506644211
9830,1129.7547920014058
2681,709.5622996430823
4355,1231.124818835579
3059,1268.9325105210821
7881,1333.8517192463594
739,1310.8488892436667
539,945.3954422814234
3326,914.9995820393643
4240,700.1483305704244
1401,735.8575662426579
4047,1268.3633256607939
5138,696.2956583841319
4230,1136.9984991368583
4192,811.04151428795
9143,858.2899404926518
5539,1370.162300039077
2693,1088.383774448901
5341,1395.7143504285866
9918,734.3178198040075
7671,1061.9515386643445
9174,1236.2323717217369
1808,1285.4298584306184
5112,1264.0568089253095
3990,1229.3183779752994
3456,1187.894651642796
2908,1437.494400950679
6652,1125.4312325751632
8288,1438.056258894147
6245,1175.3484105862233
2698,1227.7883738319547
4017,1089.2873162883488
4340,923.631622512066
4646,955.0802966875439
7740,682.4524338383488
7092,730.1163341093895
4693,1323.114586368501
1740,1311.5025257933146
5407,1172.285954190989
4589,1087.2802183918955
3126,1047.3368805254722
2158,1219.3920813598522
5334,858.2962006094615
8637,1148.546195744078
1826,1172.9588665284082
4231,974.3679737866872
3488,1321.2789734898224
9054,1436.7756262533587
9769,1184.5075485342538
3648,1247.4730266860813
5903,1222.3904217870322
6386,1257.8453533642785
5639,943.0422926158845
6424,862.33239001475
7827,1340.0144799355248
7744,964.0543195862517
3013,665.0181028455441
7672,1153.6552145252558
9549,1463.0749886471785
9978,1232.0637201834693
3081,1127.5069942054702
3521,796.0274714986417
4979,1124.1711215908058
7620,1181.0140757431316
4348,1104.0973095109382
8441,998.2274584208845
1347,942.8352808153473
7088,1031.5607498946786
8948,1312.4896883333543
5652,1013.7916920080272
8082,1340.156865579888
1792,567.7785166179984
7429,1114.3410036472844
9580,1175.0912159864984
9960,925.8318648951458
2271,1364.9578861172924
9767,1287.494318261225
2956,1280.6119902824562
3444,1219.212811949207
7736,1431.3705798409676
834,978.3390487028548
6499,1243.168326369105
2992,1147.3226632132485
7793,1312.785161989649
2151,915.6345387133484
4023,1327.281704966912
7615,1259.0446319553878
6124,1049.5794674423314
3339,1235.747557930016
4344,1136.3642525811958
4464,990.1435246823286
2376,880.5136587961402
9044,1292.7900809201567
5571,695.4007735045708
8599,925.0049489743085
8504,905.8679562792395
8880,1275.136169597073
1887,1317.886701401712
1198,1261.0223532837927
6427,699.820705397204
8911,797.3345313816637
2936,783.5273132902657
6342,948.2225903968051
1430,1442.267764255527
6307,951.4263377846588
3650,833.324284335421
1938,1419.2492709066985
5172,1336.3750443271192
7764,957.275103730572
6393,1070.9233065602914
1154,1147.4084153257638
6250,650.0059489049208
7037,802.1814788464202
4229,1240.5829725319597
4975,1311.671728032504
6401,1158.0934788666405
3640,800.4407890345037
3972,1372.043456721384
9594,1358.585834490752
3376,1420.1892017628454
2487,808.448082455586
6954,1133.726311071192
606,1104.610191415445
7444,1357.727452682687
5928,1021.6534271449972
2454,966.9734883603685
3609,1280.366573728543
1484,1204.6838083345347
4519,1131.4984912419213
3038,1105.3237117822514
9352,1396.7815660227182
7692,1271.82147459493
4116,936.5877697834935
1427,1162.805396838439
497,1083.8258101548495
3353,1058.5375571898928
8794,893.3654728383152
759,1174.8204351443173
838,1227.9195855285982
4327,1062.71330061869
2128,903.716874901222
1023,1341.1320041859692
8762,1324.137766787709
5614,1068.3167450982112
5581,1123.6384306828459
1058,1183.5336926105158
9542,1048.9903552148294
6856,1292.0510698875876
7349,953.1270785810973
9045,851.4435827860883
2129,1435.6500416441945
2767,834.8312534106668
2109,1297.1304736118648
3617,1193.2108353516564
1545,1094.0800687329165
6914,922.747095956317
1719,751.8464597933909
7435,972.906568954537
7365,1120.5936737410364
6235,964.6256001118601
725,1240.5936816750177
6673,891.4727212658512
8029,996.5572012443819
5492,1454.3006861490628
1128,1253.8024157088691
2957,803.9515106486683
5156,1228.2605099539774
4817,1143.122358268889
6202,1320.017106671448
6224,822.371697460268
8686,979.0973923441304
7114,1318.8847773906848
5275,973.9987422064316
8536,1336.905581157517
3044,1078.2725162323122
6912,1043.0777931169341
150,1366.9869878397922
7574,995.7441474583458
4206,1321.1187083918828
5493,1004.8824642066262
2690,1040.3231790231712
4221,1140.488827966435
9102,886.0541493506631
842,1173.2054639536361
8137,800.0952808702336
6438,843.7920050563583
9700,1335.9966207758782
6200,978.4116147623096
2795,1143.8780263622034
7626,1167.1999035634406
8475,1441.4022773695776
7890,1233.3234633920488
6608,1330.2817895221478
9195,947.5856963182141
8248,1250.8629102138393
1393,877.8538127434264
1922,1079.4350954022182
7019,1271.486111573065
3622,1268.55987910569
4849,935.8551131079116
2292,1433.0667663420304
2134,1174.1475673813936
551,1188.8820115201913
1741,1354.624811811641
5290,1365.0738441066494
1818,1196.1292365092502
4699,962.20540565637
5182,1217.761639144195
3019,1230.9445648907608
18,1231.9146717946073
1771,622.4415813513092
1889,815.0008066084065
2153,1040.3362545791447
1643,1188.8820115201913
7847,1433.0644764079716
4194,1348.5002279707157
9433,966.5840765010776
8899,1008.7661292226096
534,1177.2903292221943
133,955.6930296962684
7723,976.7852543550852
8459,1442.0759306564066
965,1184.811731126751
8720,1223.8152670488264
6413,1061.4671049699668
8286,1235.5231102252326
7854,1227.0452054351726
1096,1280.961300685433
6930,837.521901195184
